id,title,vote_average,vote_count,status,release_date,revenue,runtime,adult,backdrop_path,budget,homepage,imdb_id,original_language,original_title,overview,popularity,poster_path,tagline,genres,production_companies,production_countries,spoken_languages
238,The Godfather,8.707,18677,Released,1972-03-14,245066411,175,False,/tmU7GeKVybMWFButWEGl2M4GeiP.jpg,6000000,http://www.thegodfather.com/,tt0068646,en,The Godfather,"Spanning the years 1945 to 1955, a chronicle of the fictional Italian-American Corleone crime family. When organized crime family patriarch, Vito Corleone barely survives an attempt on his life, his youngest son, Michael steps in to take care of the would-be killers, launching a campaign of bloody revenge.",158.448,/3bhkrj58Vtu7enYsRolD1fZdja1.jpg,An offer you can't refuse.,"Drama, Crime","Paramount, Alfran Productions",United States of America,"English, Italian, Latin"
278,The Shawshank Redemption,8.702,24649,Released,1994-09-23,28341469,142,False,/kXfqcdQKsToO0OUXHcrrNCHDBzO.jpg,25000000,,tt0111161,en,The Shawshank Redemption,"Framed in the 1940s for the double murder of his wife and her lover, upstanding banker Andy Dufresne begins a new life at the Shawshank prison, where he puts his accounting skills to work for an amoral warden. During his long stretch in prison, Dufresne comes to be admired by the other inmates -- including an older prisoner named Red -- for his integrity and unquenchable sense of hope.",122.61,/lyQBXzOQSuE59IsHyhrp0qIiPAz.jpg,Fear can hold you prisoner. Hope can set you free.,"Drama, Crime",Castle Rock Entertainment,United States of America,English
240,The Godfather Part II,8.591,11293,Released,1974-12-20,102600000,202,False,/kGzFbGhp99zva6oZODW5atUtnqi.jpg,13000000,,tt0071562,en,The Godfather Part II,"In the continuing saga of the Corleone crime family, a young Vito Corleone grows up in Sicily and in 1910s New York. In the 1950s, Michael Corleone attempts to expand the family business into Las Vegas, Hollywood and Cuba.",64.753,/hek3koDUyRQk7FIhPXsa6mT2Zc3.jpg,"I don't feel I have to wipe everybody out, Tom. Just my enemies.","Drama, Crime","Paramount, The Coppola Company",United States of America,"English, Italian, Latin, Spanish"
424,Schindler's List,8.573,14594,Released,1993-12-15,321365567,195,False,/zb6fM1CX41D9rF9hdgclu0peUmy.jpg,22000000,http://www.schindlerslist.com/,tt0108052,en,Schindler's List,The true story of how businessman Oskar Schindler saved over a thousand Jewish lives from the Nazis while they worked as slaves in his factory during World War II.,65.084,/sF1U4EUQS8YHUYjNl3pMGNIQyr0.jpg,"Whoever saves one life, saves the world entire.","Drama, History, War",Amblin Entertainment,United States of America,"German, Polish, Hebrew, English"
389,12 Angry Men,8.54,7658,Released,1957-04-10,1000000,97,False,/qqHQsStV6exghCM7zbObuYBiYxw.jpg,350000,,tt0050083,en,12 Angry Men,"The defense and the prosecution have rested and the jury is filing into the jury room to decide if a young Spanish-American is guilty or innocent of murdering his father. What begins as an open and shut case soon becomes a mini-drama of each of the jurors' prejudices and preconceptions about the trial, the accused, and each other.",51.201,/ow3wq89wM8qd5X7hWKxiRfsFf9C.jpg,Life is in their hands. Death is on their minds.,Drama,"United Artists, Orion-Nova Productions",United States of America,English
155,The Dark Knight,8.512,30619,Released,2008-07-16,1004558444,152,False,/nMKdUUepR0i5zn0y1T4CsSB5chy.jpg,185000000,https://www.warnerbros.com/movies/dark-knight/,tt0468569,en,The Dark Knight,"Batman raises the stakes in his war on crime. With the help of Lt. Jim Gordon and District Attorney Harvey Dent, Batman sets out to dismantle the remaining criminal organizations that plague the streets. The partnership proves to be effective, but they soon find themselves prey to a reign of chaos unleashed by a rising criminal mastermind known to the terrified citizens of Gotham as the Joker.",130.643,/qJ2tW6WMUDux911r6m7haRef0WH.jpg,Welcome to a world without rules.,"Drama, Action, Crime, Thriller","DC Comics, Legendary Pictures, Syncopy, Isobel Griffiths, Warner Bros. Pictures","United Kingdom, United States of America","English, Mandarin"
769,GoodFellas,8.464,11726,Released,1990-09-12,46835000,145,False,/sw7mordbZxgITU877yTpZCud90M.jpg,25000000,http://www.warnerbros.com/goodfellas,tt0099685,en,GoodFellas,"The true story of Henry Hill, a half-Irish, half-Sicilian Brooklyn kid who is adopted by neighbourhood gangsters at an early age and climbs the ranks of a Mafia family under the guidance of Jimmy Conway.",83.57,/aKuFiU82s5ISJpGZp7YkIr3kCUd.jpg,Three decades of life in the mafia.,"Drama, Crime",Winkler Films,United States of America,"Italian, English"
550,Fight Club,8.438,27238,Released,1999-10-15,100853753,139,False,/hZkgoQYus5vegHoetLkCJzb17zJ.jpg,63000000,http://www.foxmovies.com/movies/fight-club,tt0137523,en,Fight Club,"A ticking-time-bomb insomniac and a slippery soap salesman channel primal male aggression into a shocking new form of therapy. Their concept catches on, with underground ""fight clubs"" forming in every town, until an eccentric gets in the way and ignites an out-of-control spiral toward oblivion.",69.498,/pB8BM7pdSp6B6Ih7QZ4DrQ3PmJK.jpg,Mischief. Mayhem. Soap.,Drama,"Regency Enterprises, Fox 2000 Pictures, Taurus Film, Atman Entertainment, Knickerbocker Films, The Linson Company, 20th Century Fox",United States of America,English
598,City of God,8.429,6708,Released,2002-08-30,30641770,130,False,/5p3aTxtUtZHCHwYsuycutmxIhND.jpg,3300000,http://cidadededeus.globo.com/,tt0317248,pt,Cidade de Deus,"In the slums of Rio, two kids' paths diverge as one struggles to become a photographer and the other a kingpin.",29.573,/k7eYdWvhYQyRQoU2TB2A2Xu2TfD.jpg,"If you run, the beast catches you; if you stay, the beast eats you.","Drama, Crime","O2 Filmes, VideoFilmes, Wild Bunch, Hank Levine Film, Globo Filmes, Lumière, Miramax","Brazil, France",Portuguese
510,One Flew Over the Cuckoo's Nest,8.42,9650,Released,1975-11-19,108981275,133,False,/qUq3QTr2KLvGIcN0GaaaYx9bbyH.jpg,3000000,,tt0073486,en,One Flew Over the Cuckoo's Nest,"A petty criminal fakes insanity to serve his sentence in a mental ward rather than prison. He soon finds himself as a leader to the other patients—and an enemy to the cruel, domineering nurse who runs the ward.",36.673,/3jcbDmRFiQ83drXNOvRDeKHxS0C.jpg,"If he's crazy, what does that make you?",Drama,Fantasy Films,United States of America,English
423,The Pianist,8.382,8351,Released,2002-09-17,120072577,150,False,/dVr11o9or7AS8AMPfwjSpEU83iU.jpg,35000000,http://www.thepianistmovie.com/,tt0253474,en,The Pianist,"The true story of pianist Władysław Szpilman's experiences in Warsaw during the Nazi occupation. When the Jews of the city find themselves forced into a ghetto, Szpilman finds work playing in a café; and when his family is deported in 1942, he stays behind, works for a while as a laborer, and eventually goes into hiding in the ruins of the war-torn city.",49.528,/2hFvxCCWrTmCYwfy7yum0GKRi3Y.jpg,Music was his passion. Survival was his masterpiece.,"Drama, War","Canal+ Polska, Bac Films, Heritage Films, Studio Babelsberg, Agencja Produkcji Filmowej, FFF Bayern, Filmboard Berlin-Brandenburg (FBB), R.P. Productions, StudioCanal, Canal+, TVP, Runteam, FFA","France, Germany, Poland, United Kingdom","English, Polish, German, Russian"
244786,Whiplash,8.381,13891,Released,2014-10-10,13092000,107,False,/vNXGrknx4GjWLgmuNTftWZluIUl.jpg,3300000,http://sonyclassics.com/whiplash/,tt2582802,en,Whiplash,"Under the direction of a ruthless instructor, a talented young drummer begins to pursue perfection at any cost, even his humanity.",54.495,/7fn624j5lj3xTme2SgiLCeuedmO.jpg,The road to greatness can take you to the edge.,"Drama, Music","Bold Films, Blumhouse Productions, Right of Way Films, Sierra/Affinity, Stage 6 Films, Sony Pictures Classics",United States of America,English
73,American History X,8.352,10729,Released,1998-07-01,23875127,119,False,/9LSsSPbP715XT9B7acIZzantPyX.jpg,20000000,,tt0120586,en,American History X,"Derek Vineyard is paroled after serving 3 years in prison for killing two African-American men. Through his brother, Danny Vineyard's narration, we learn that before going to prison, Derek was a skinhead and the leader of a violent white supremacist gang that committed acts of racial crime throughout L.A. and his actions greatly influenced Danny. Reformed and fresh out of prison, Derek severs contact with the gang and becomes determined to keep Danny from going down the same violent path as he did.",36.427,/euypWkaYFOLW3e5rLIcTAjWnhhT.jpg,Some Legacies Must End.,Drama,"New Line Cinema, Savoy Pictures, The Turman-Morrissey Company",United States of America,English
207,Dead Poets Society,8.312,10311,Released,1989-06-02,235860116,128,False,/hpzQHv8cA7j2Dn2CphOFYmllXzj.jpg,16400000,,tt0097165,en,Dead Poets Society,"At an elite, old-fashioned boarding school in New England, a passionate English teacher inspires his students to rebel against convention and seize the potential of every day, courting the disdain of the stern headmaster.",38.942,/ai40gM7SUaGA6fthvsd87o8IQq4.jpg,He was their inspiration. He made their lives extraordinary.,Drama,"Touchstone Pictures, Silver Screen Partners IV, A Steven Haft Production, Witt/Thomas Productions",United States of America,"English, Latin"
28,Apocalypse Now,8.282,7485,Released,1979-08-15,150000000,147,False,/9Qs9oyn4iE8QtQjGZ0Hp2WyYNXT.jpg,31500000,http://www.apocalypsenow.com,tt0078788,en,Apocalypse Now,"At the height of the Vietnam war, Captain Benjamin Willard is sent on a dangerous mission that, officially, ""does not exist, nor will it ever exist."" His goal is to locate - and eliminate - a mysterious Green Beret Colonel named Walter Kurtz, who has been leading his personal army on illegal guerrilla missions into enemy territory.",37.715,/eQVH91OSxh5I2uRfJuw4owd2Fq9.jpg,This is the end...,"Drama, War","United Artists, American Zoetrope",United States of America,"Khmer, English, French, Vietnamese"
77338,The Intouchables,8.277,16083,Released,2011-11-02,426588510,113,False,/bGksau9GGu0uJ8DJQ8DYc9JW5LM.jpg,13000000,,tt1675434,fr,Intouchables,A true story of two men who should never have met – a quadriplegic aristocrat who was injured in a paragliding accident and a young man from the projects.,41.656,/323BP0itpxTsO0skTwdnVmf7YC9.jpg,Sometimes you have to reach into someone else's world to find out what's missing in your own.,"Drama, Comedy","Gaumont, CinéCinéma, Quad Productions, Chaocorp, Ten Films, TF1, Canal+, TF1 Films Production",France,"English, French"
670,Oldboy,8.274,7790,Released,2003-11-21,15194593,120,False,/sdwjQEM869JFwMytTmvr6ggvaUl.jpg,3000000,,tt0364569,ko,올드보이,"With no clue how he came to be imprisoned, drugged and tortured for 15 years, a desperate businessman seeks revenge on his captors.",53.128,/pWDtjs568ZfOTMbURQBYuT4Qxka.jpg,"Laugh, and the world laughs with you. Weep, and you weep alone.","Drama, Thriller, Mystery, Action","Show East, CJ Entertainment, Egg Film, Cineclick Asia",South Korea,Korean
490132,Green Book,8.242,10542,Released,2018-11-16,319700000,130,False,/2Xe9lISpwXKhvKiHttbFfVRERQX.jpg,23000000,http://GreenBookFilm.com,tt6966692,en,Green Book,"Tony Lip, a bouncer in 1962, is hired to drive pianist Don Shirley on a tour through the Deep South in the days when African Americans, forced to find alternate accommodations and services due to segregation laws below the Mason-Dixon Line, relied on a guide called The Negro Motorist Green Book.",34.768,/7BsvSuDQuoqhWmU2fL7W2GOcZHU.jpg,Inspired by a True Friendship,"Drama, Comedy","Participant, DreamWorks Pictures, Cinetic Media",United States of America,"English, Italian, Russian"
16869,Inglourious Basterds,8.215,20746,Released,2009-08-19,321457747,153,False,/8pEnePgGyfUqj8Qa6d91OZQ6Aih.jpg,70000000,,tt0361748,en,Inglourious Basterds,"In Nazi-occupied France during World War II, a group of Jewish-American soldiers known as ""The Basterds"" are chosen specifically to spread fear throughout the Third Reich by scalping and brutally killing Nazis. The Basterds, lead by Lt. Aldo Raine soon cross paths with a French-Jewish teenage girl who runs a movie theater in Paris which is targeted by the soldiers.",59.162,/7sfbEnaARXDDhKm0CZ7D7uc2sbo.jpg,Once upon a time in Nazi occupied France...,"Drama, Thriller, War","The Weinstein Company, Universal Pictures, A Band Apart, Zehnte Babelsberg Film, Visiona Romantica, Peninsula Films","France, Germany, United States of America","German, English, French, Italian"
857,Saving Private Ryan,8.209,14658,Released,1998-07-24,481840909,169,False,/bdD39MpSVhKjxarTxLSfX6baoMP.jpg,70000000,,tt0120815,en,Saving Private Ryan,"As U.S. troops storm the beaches of Normandy, three brothers lie dead on the battlefield, with a fourth trapped behind enemy lines. Ranger captain John Miller and seven men are tasked with penetrating German-held territory and bringing the boy home.",59.745,/uqx37cS8cpHg8U35f9U5IBlrCV3.jpg,The mission is a man.,"Drama, History, War","Paramount, Amblin Entertainment, Mutual Film Company, DreamWorks Pictures, The Mark Gordon Company",United States of America,"Czech, German, English, French"
1124,The Prestige,8.203,14696,Released,2006-10-19,109676311,130,False,/xBDE2d6HM1aBKQRu4IT7SfPD9fs.jpg,40000000,http://wwws.warnerbros.de/theprestige/,tt0482571,en,The Prestige,"A mysterious story of two magicians whose intense rivalry leads them on a life-long battle for supremacy -- full of obsession, deceit and jealousy with dangerous and deadly consequences.",48.832,/Ag2B2KHKQPukjH7WutmgnnSNurZ.jpg,Are You Watching Closely?,"Drama, Mystery, Science Fiction","Warner Bros. Pictures, Touchstone Pictures, Newmarket Films, Syncopy","United Kingdom, United States of America",English
50014,The Help,8.202,7538,Released,2011-08-09,216639112,146,False,/wyvUmyzqGOBDyqLHRSukGDjI7bH.jpg,25000000,,tt1454029,en,The Help,"Aibileen Clark is a middle-aged African-American maid who has spent her life raising white children and has recently lost her only son; Minny Jackson is an African-American maid who has often offended her employers despite her family's struggles with money and her desperate need for jobs; and Eugenia ""Skeeter"" Phelan is a young white woman who has recently moved back home after graduating college to find out her childhood maid has mysteriously disappeared. These three stories intertwine to explain how life in Jackson, Mississippi revolves around ""the help""; yet they are always kept at a certain distance because of racial lines.",52.139,/3kmfoWWEc9Vtyuaf9v5VipRgdjx.jpg,Change begins with a whisper.,Drama,"1492 Pictures, Harbinger Pictures, Touchstone Pictures",United States of America,English
11324,Shutter Island,8.2,22318,Released,2010-02-14,294800000,138,False,/2nqsOT2AqPkTW81bWaLRtjgjqVM.jpg,80000000,http://www.shutterisland.com/,tt1130884,en,Shutter Island,"World War II soldier-turned-U.S. Marshal Teddy Daniels investigates the disappearance of a patient from a hospital for the criminally insane, but his efforts are compromised by troubling visions and a mysterious doctor.",56.595,/4GDy0PHYX3VRXUtwK5ysFbg3kEx.jpg,Some places never let you go.,"Drama, Thriller, Mystery","Phoenix Pictures, Paramount, Appian Way, Sikelia Productions, Mandate International",United States of America,"English, German"
324786,Hacksaw Ridge,8.195,12668,Released,2016-10-07,175302354,139,False,/rshlQ6LfPRSWFhpGL4s5ZkIPR51.jpg,40000000,https://www.lionsgate.com/movies/hacksaw-ridge,tt2119532,en,Hacksaw Ridge,"WWII American Army Medic Desmond T. Doss, who served during the Battle of Okinawa, refuses to kill people and becomes the first Conscientious Objector in American history to receive the Congressional Medal of Honor.",74.994,/jcStBvbQt78tPeId5hC7a9jcDOK.jpg,One of the greatest heroes in American history never fired a bullet.,"Drama, History, War","Vendian Entertainment, Summit Entertainment, Cross Creek Pictures, IM Global, Screen Australia, Screen NSW, Permut Presentations, Pandemonium, Demarest Films, Lionsgate, Bliss Media, Kylin Pictures, AI Film","Australia, China, United Kingdom, United States of America","Japanese, English"
629,The Usual Suspects,8.195,9604,Released,1995-07-19,23341568,106,False,/6CLV2HakYO1tyAV5GUHOeNPyaTd.jpg,6000000,http://www.mgm.com/#/our-titles/2083/The-Usual-Suspects,tt0114814,en,The Usual Suspects,"Held in an L.A. interrogation room, Verbal Kint attempts to convince the feds that a mythic crime lord, Keyser Soze, not only exists, but was also responsible for drawing him and his four partners into a multi-million dollar heist that ended with an explosion in San Pedro harbor – leaving few survivors. Verbal lures his interrogators with an incredible story of the crime lord's almost supernatural prowess.",30.858,/bUPmtQzrRhzqYySeiMpv7GurAfm.jpg,Five criminals. One line up. No coincidence.,"Drama, Crime, Thriller","Bad Hat Harry Productions, Blue Parrot Productions",United States of America,"Spanish, English, French, Hungarian"
68718,Django Unchained,8.171,24672,Released,2012-12-25,425368238,165,False,/5Lbm0gpFDRAPIV1Cth6ln9iL1ou.jpg,100000000,http://www.unchainedmovie.com,tt1853728,en,Django Unchained,"With the help of a German bounty hunter, a freed slave sets out to rescue his wife from a brutal Mississippi plantation owner.",54.224,/7oWY8VDWW7thTzWh3OKYRkWUlD5.jpg,"Life, liberty and the pursuit of vengeance.","Drama, Western","The Weinstein Company, Columbia Pictures",United States of America,"English, French, German"
1422,The Departed,8.166,13792,Released,2006-10-04,291465000,151,False,/6WRrGYalXXveItfpnipYdayFkQB.jpg,90000000,http://thedeparted.com,tt0407887,en,The Departed,"To take down South Boston's Irish Mafia, the police send in one of their own to infiltrate the underworld, not realizing the syndicate has done likewise. While an undercover cop curries favor with the mob kingpin, a career criminal rises through the police ranks. But both sides soon discover there's a mole among them.",42.503,/nT97ifVT2J1yMQmeq20Qblg61T.jpg,Lies. Betrayal. Sacrifice. How far will you take it?,"Drama, Thriller, Crime","Vertigo Entertainment, Media Asia Films, Initial Entertainment Group, Warner Bros. Pictures, Plan B Entertainment","Hong Kong, United States of America","English, Cantonese"
406997,Wonder,8.155,7421,Released,2017-11-13,305937718,113,False,/7vsnnWXuYvUesLuoysnfVZC6nxa.jpg,20000000,http://www.wonder.movie,tt2543472,en,Wonder,"The story of August Pullman – a boy with facial differences – who enters fifth grade, attending a mainstream elementary school for the first time.",40.233,/ouYgAatYH4JzIThj6FI3UYf31RI.jpg,Who gives you the courage to face the world?,"Drama, Family","Lionsgate, Participant, Walden Media, Mandeville Films",United States of America,English
489,Good Will Hunting,8.149,11111,Released,1997-12-05,225933435,127,False,/bpV8wn48s82au37QyUJ51S7X2Vf.jpg,10000000,http://www.miramax.com/movie/good-will-hunting,tt0119217,en,Good Will Hunting,"Will Hunting has a genius-level IQ but chooses to work as a janitor at MIT. When he solves a difficult graduate-level math problem, his talents are discovered by Professor Gerald Lambeau, who decides to help the misguided youth reach his potential. When Will is arrested for attacking a police officer, Professor Lambeau makes a deal to get leniency for him if he will get treatment from therapist Sean Maguire.",56.169,/bABCBKYBK7A5G1x0FzoeoNfuj2.jpg,"Some people can never believe in themselves, until someone believes in them.",Drama,"Miramax, Lawrence Bender Productions, Be Gentlemen Limited Partnership",United States of America,English
600,Full Metal Jacket,8.136,9665,Released,1987-06-26,46357676,117,False,/3k2TRmqMjgt7tcwkYwZQdctnty3.jpg,30000000,https://www.warnerbros.com/movies/full-metal-jacket,tt0093058,en,Full Metal Jacket,A pragmatic U.S. Marine observes the dehumanizing effects the U.S.-Vietnam War has on his fellow recruits from their brutal boot camp training to the bloody street fighting in Hue.,40.541,/kMKyx1k8hWWscYFnPbnxxN4Eqo4.jpg,In Vietnam The Wind Doesn't Blow It Sucks,"Drama, War","Natant, Stanley Kubrick Productions, Warner Bros. Pictures","United Kingdom, United States of America","English, Vietnamese"
935,Dr. Strangelove or: How I Learned to Stop Worrying and Love the Bomb,8.129,5111,Released,1964-01-29,9523464,95,False,/sTp8K0SfcC2RQef1Tu160z3niHO.jpg,1800000,,tt0057012,en,Dr. Strangelove or: How I Learned to Stop Worrying and Love the Bomb,"After the insane General Jack D. Ripper initiates a nuclear strike on the Soviet Union, a war room full of politicians, generals and a Russian diplomat all frantically try to stop the nuclear strike.",18.253,/gHm96BRW4GoI339rF1vYoYTB6Qe.jpg,The hot-line suspense comedy.,"Drama, Comedy, War","Hawk Films, Columbia Pictures","United Kingdom, United States of America",English
146233,Prisoners,8.091,10748,Released,2013-09-19,122126687,153,False,/tlK9mWLquPawoHT9jIWe9WGANKx.jpg,46000000,https://www.warnerbros.com/movies/prisoners,tt1392214,en,Prisoners,"Keller Dover faces a parent's worst nightmare when his 6-year-old daughter, Anna, and her friend go missing. The only lead is an old motorhome that had been parked on their street. The head of the investigation, Detective Loki, arrests the driver, but a lack of evidence forces Loki to release his only suspect. Dover, knowing that his daughter's life is at stake, decides that he has no choice but to take matters into his own hands.",35.085,/tuZhZ6biFMr5n9YSVuHOJnNL1uU.jpg,Every moment matters.,"Drama, Thriller, Crime","Madhouse Entertainment, Alcon Entertainment, 8:38 Productions, Warner Bros. Pictures, Summit Entertainment",United States of America,English
7345,There Will Be Blood,8.085,5985,Released,2007-12-26,77208711,158,False,/8LRcCJjbQI552BMCuGgYqph8USS.jpg,25000000,https://www.netflix.com/title/70075473,tt0469494,en,There Will Be Blood,"Ruthless silver miner, turned oil prospector, Daniel Plainview, moves to oil-rich California. Using his son to project a trustworthy, family-man image, Plainview cons local landowners into selling him their valuable properties for a pittance. However, local preacher Eli Sunday suspects Plainview's motives and intentions, starting a slow-burning feud that threatens both their lives.",28.909,/fa0RDkAlCec0STeMNAhPaF89q6U.jpg,There will be greed. There will be vengeance.,Drama,"Paramount Vantage, Miramax, Ghoulardi Film Company",United States of America,English
4348,Pride & Prejudice,8.083,7394,Released,2005-09-16,121616555,127,False,/pgEWI7yGYF0mM5Uf1YxSOHsBkJR.jpg,28000000,http://www.prideandprejudicemovie.net/splash.html,tt0414387,en,Pride & Prejudice,"A story of love and life among the landed English gentry during the Georgian era. Mr. Bennet is a gentleman living in Hertfordshire with his overbearing wife and five daughters, but if he dies their house will be inherited by a distant cousin whom they have never met, so the family's future happiness and security is dependent on the daughters making good marriages.",49.413,/sGjIvtVvTlWnia2zfJfHz81pZ9Q.jpg,A romance ahead of its time.,"Drama, Romance","Focus Features, Universal Pictures, StudioCanal, Working Title Films, Scion Films","France, United Kingdom, United States of America",English
334543,Lion,8.083,6199,Released,2016-11-24,140312928,118,False,/fgffluhvdOv79SkYaKrfRA0xkf4.jpg,12000000,http://lionmovie.com/,tt3741834,en,Lion,"A five-year-old Indian boy gets lost on the streets of Calcutta, thousands of kilometers from home. He survives many challenges before being adopted by a couple in Australia; 25 years later, he sets out to find his lost family.",20.266,/iBGRbLvg6kVc7wbS8wDdVHq6otm.jpg,The search begins,Drama,"The Weinstein Company, See-Saw Films, Screen Australia, Aquarius Films, Sunstar Entertainment","Australia, United Kingdom, United States of America","Bengali, English, Hindi"
381284,Hidden Figures,8.058,8958,Released,2016-12-10,235956898,127,False,/rfkIeCaIHhN3K5wjJJqKmfUjYp8.jpg,25000000,http://www.hiddenfigures.com,tt4846340,en,Hidden Figures,"The untold story of Katherine G. Johnson, Dorothy Vaughan and Mary Jackson – brilliant African-American women working at NASA and serving as the brains behind one of the greatest operations in history – the launch of astronaut John Glenn into orbit. The visionary trio crossed all gender and race lines to inspire generations to dream big.",70.299,/9lfz2W2uGjyow3am00rsPJ8iOyq.jpg,"Meet the women you don't know, behind the mission you do.","Drama, History","Fox 2000 Pictures, Levantine Films, Chernin Entertainment, 20th Century Fox",United States of America,English
264644,Room,8.033,8684,Released,2015-10-16,35401758,118,False,/i8aK8cGt5iYfMmUJiAe5AKIqYE5.jpg,13000000,https://a24films.com/films/room,tt3170832,en,Room,"Held captive for 7 years in an enclosed space, a woman and her young son finally gain their freedom, allowing the boy to experience the outside world for the first time.",17.002,/dIxoYFcj6EqD5KScuU8lWCftnvH.jpg,Love knows no boundaries,"Drama, Thriller","Elevation Pictures, Téléfilm Canada, Element Pictures, FilmNation Entertainment, No Trace Camping, Film4 Productions, Fís Éireann/Screen Ireland","Canada, Ireland, United Kingdom, United States of America",English
359724,Ford v Ferrari,8.01,6972,Released,2019-11-13,225508210,153,False,/ydmZIafp66mHABs3QJDwvjRgZfE.jpg,97600000,https://www.foxmovies.com/movies/ford-v-ferrari,tt1950186,en,Ford v Ferrari,"American car designer Carroll Shelby and the British-born driver Ken Miles work together to battle corporate interference, the laws of physics, and their own personal demons to build a revolutionary race car for Ford Motor Company and take on the dominating race cars of Enzo Ferrari at the 24 Hours of Le Mans in France in 1966.",78.353,/dR1Ju50iudrOh3YgfwkAU1g2HZe.jpg,They took the American dream for a ride,"Drama, Action, History","20th Century Fox, TSG Entertainment, Chernin Entertainment, Turnpike Films",United States of America,"French, Japanese, Italian, English"
28178,Hachi: A Dog's Tale,8.006,6235,Released,2009-06-08,46749646,93,False,/x8JRhQnQpanaSjQK3UaHDUKE29m.jpg,16000000,,tt1028532,en,Hachi: A Dog's Tale,A drama based on the true story of a college professor's bond with the abandoned dog he takes into his home.,34.409,/lsy3aEsEfYIHdLRk4dontZ4s85h.jpg,"A true story of faith, devotion and undying love.","Drama, Family","Scion Films, Stage 6 Films, Inferno Distribution, Hachiko, Grand Army Entertainment, Opperman Viner Chrystyn Entertainment","United Kingdom, United States of America","English, Japanese"
14,American Beauty,8.0,11260,Released,1999-09-15,356296601,122,False,/DztBnZaqmla2sGUW9s8AyOmskT.jpg,15000000,,tt0169547,en,American Beauty,"Lester Burnham, a depressed suburban father in a mid-life crisis, decides to turn his hectic life around after developing an infatuation with his daughter's attractive friend.",29.837,/wby9315QzVKdW9BonAefg8jGTTb.jpg,Look closer.,Drama,"Jinks/Cohen Company, DreamWorks Pictures",United States of America,English
627,Trainspotting,8.0,9017,Released,1996-02-23,16491080,94,False,/e9GbzPawXDFvLwSseCXpHkbCyAP.jpg,4000000,http://www.miramax.com/movie/trainspotting,tt0117951,en,Trainspotting,"Heroin addict Mark Renton stumbles through bad ideas and sobriety attempts with his unreliable friends -- Sick Boy, Begbie, Spud and Tommy. He also has an underage girlfriend, Diane, along for the ride. After cleaning up and moving from Edinburgh to London, Mark finds he can't escape the life he left behind when Begbie shows up at his front door on the lam, and a scheming Sick Boy follows.",27.042,/bhY62Dw8iW54DIhxPQerbuB9DOP.jpg,Choose life.,"Drama, Crime","Noel Gay Motion Picture Company, Figment Films, Film4 Productions, Miramax",United Kingdom,English
13223,Gran Torino,7.994,10003,Released,2008-12-12,269958228,116,False,/wmsePXV2z1b6ecXuKKrFbG0Q92P.jpg,33000000,http://www.thegrantorino.com/,tt1205489,en,Gran Torino,"Disgruntled Korean War veteran Walt Kowalski sets out to reform his neighbor, Thao Lor, a Hmong teenager who tried to steal Kowalski's prized possession: a 1972 Gran Torino.",35.849,/zUybYvxWdAJy5hhYovsXtHSWI1l.jpg,Ever come across somebody you shouldn't have f#cked with?,Drama,"Matten Productions, Double Nickel Entertainment, Gerber Pictures, Malpaso Productions, Village Roadshow Pictures, WV Films IV, Warner Bros. Pictures","United States of America, Germany",English
640,Catch Me If You Can,7.971,14393,Released,2002-12-16,352114312,141,False,/Ag6qhzsJd3k1NKuNrG9RmhZDMh7.jpg,52000000,,tt0264464,en,Catch Me If You Can,"A true story about Frank Abagnale Jr. who, before his 19th birthday, successfully conned millions of dollars worth of checks as a Pan Am pilot, doctor, and legal prosecutor. An FBI agent makes it his mission to put him behind bars. But Frank not only eludes capture, he revels in the pursuit.",44.814,/ctjEj2xM32OvBXCq8zAdK3ZrsAj.jpg,The true story of a real fake.,"Drama, Crime","Parkes/MacDonald Productions, Kemp Company, Splendid Pictures",United States of America,"English, French"
70,Million Dollar Baby,7.958,8874,Released,2004-12-15,216763646,132,False,/oGMomeS7bE43eN8SGJUaKvQnmud.jpg,30000000,http://www.milliondollarbaby-derfilm.de/,tt0405159,en,Million Dollar Baby,"Despondent over a painful estrangement from his daughter, trainer Frankie Dunn isn't prepared for boxer Maggie Fitzgerald to enter his life. But Maggie's determined to go pro and to convince Dunn and his cohort to help her.",20.717,/2ti3l1OeB8G94yyqfAI7nmMZUbA.jpg,"Beyond his silence, there is a past. Beyond her dreams, there is a feeling. Beyond hope, there is a memory. Beyond their journey, there is a love.",Drama,"Lakeshore Entertainment, Malpaso Productions, Epsilon Motion Pictures, Albert S. Ruddy Productions, Warner Bros. Pictures","Switzerland, United States of America","Irish, English"
76203,12 Years a Slave,7.945,10603,Released,2013-10-18,187000000,134,False,/4Bb1kMIfrT2tYRZ9M6Jhqy6gkeF.jpg,20000000,http://www.foxsearchlight.com/12yearsaslave,tt2024544,en,12 Years a Slave,"In the pre-Civil War United States, Solomon Northup, a free black man from upstate New York, is abducted and sold into slavery. Facing cruelty as well as unexpected kindnesses Solomon struggles not only to stay alive, but to retain his dignity. In the twelfth year of his unforgettable odyssey, Solomon’s chance meeting with a Canadian abolitionist will forever alter his life.",34.808,/xdANQijuNrJaw1HA61rDccME4Tm.jpg,The extraordinary true story of Solomon Northup,"Drama, History","New Regency Pictures, Plan B Entertainment, River Road Entertainment, Regency Enterprises, Film4 Productions","United States of America, United Kingdom",English
152532,Dallas Buyers Club,7.932,8004,Released,2013-11-01,55736588,117,False,/jHwASc8hBtdfRGUmxS6pq5mHiyN.jpg,5000000,,tt0790636,en,Dallas Buyers Club,"Loosely based on the true-life tale of Ron Woodroof, a drug-taking, women-loving, homophobic man who in 1986 was diagnosed with HIV/AIDS and given thirty days to live.",20.121,/7Fdh7gUq3plvQqxRbNYhWvDABXA.jpg,Sometimes it takes a hustler to change the world,"Drama, History","Truth Entertainment, Voltage Pictures, CE, Evolution Independent, R² Films, Rainmaker Films, Focus Features",United States of America,"English, Japanese"
296096,Me Before You,7.918,11414,Released,2016-06-01,207945075,110,False,/7jjwdoIVPJp7gcDo9uE1sVZi2Rs.jpg,20000000,http://www.mebeforeyoumovie.net,tt2674426,en,Me Before You,"A small town girl is caught between dead-end jobs. A high-profile, successful man becomes wheelchair bound following an accident. The man decides his life is not worth living until the girl is hired for six months to be his new caretaker. Worlds apart and trapped together by circumstance, the two get off to a rocky start. But the girl becomes determined to prove to the man that life is worth living and as they embark on a series of adventures together, each finds their world changing in ways neither of them could begin to imagine.",79.741,/Ia3dzj5LnCj1ZBdlVeJrbKJQxG.jpg,Live boldly.,"Drama, Romance","New Line Cinema, Sunswept Entertainment, Metro-Goldwyn-Mayer",United States of America,English
316029,The Greatest Showman,7.908,8844,Released,2017-12-20,432844677,105,False,/lrNKm3HNvGdZoAfiBKu7b04FLHN.jpg,84000000,http://thegreatestshowman.com/,tt1485796,en,The Greatest Showman,"The story of American showman P.T. Barnum, founder of the circus that became the famous traveling Ringling Bros. and Barnum & Bailey Circus.",33.346,/b9CeobiihCx1uG1tpw8hXmpi7nm.jpg,The impossible comes true.,Drama,"Chernin Entertainment, 20th Century Fox, TSG Entertainment",United States of America,English
122906,About Time,7.905,7781,Released,2013-09-04,87100449,123,False,/5ZoFGrFCKP0QrcfVwOIHiAwunBg.jpg,12000000,,tt2194499,en,About Time,"The night after another unsatisfactory New Year's party, Tim's father tells his son that the men in his family have always had the ability to travel through time. They can't change history, but they can change what happens and has happened in their own lives. Thus begins the start of a lesson in learning to appreciate life itself as it is, as it comes, and most importantly, the people living alongside us.",35.707,/iR1bVfURbN7r1C46WHFbwCkVve.jpg,What if every moment in life came with a second chance?,"Drama, Romance, Fantasy","Working Title Films, Translux, Universal Pictures, Relativity Media",United Kingdom,English
597,Titanic,7.9,23637,Released,1997-11-18,2264162353,194,False,/rzdPqYx7Um4FUZeD8wpXqjAUcEm.jpg,200000000,https://www.paramountmovies.com/movies/titanic,tt0120338,en,Titanic,"101-year-old Rose DeWitt Bukater tells the story of her life aboard the Titanic, 84 years later. A young Rose boards the ship with her mother and fiancé. Meanwhile, Jack Dawson and Fabrizio De Rossi win third-class tickets aboard the ship. Rose tells the whole story from Titanic's departure through to its death—on its first and last voyage—on April 15, 1912.",102.348,/9xjZS2rlVxm8SFx8kPC3aIGCOYQ.jpg,Nothing on Earth could come between them.,"Drama, Romance","Paramount, 20th Century Fox, Lightstorm Entertainment",United States of America,"English, French, German, Swedish, Italian, Russian"
